event_id,timestamp,alarm_point,equipment_ref,alarm_type,priority,state,value,operator
AME-000004,2026-07-26T12:00:00Z,C-101.VIB,C-101,H,P1,ACTIVE,6.8,OP_MARIA
AME-000005,2026-07-26T15:00:00Z,C-101.VIB,C-101,HH,P1,ACTIVE,9.2,OP_MARIA
AME-000006,2026-07-26T15:05:00Z,C-101.VIB,C-101,HH,P1,ACK,9.3,OP_LEE
AME-000007,2026-07-27T06:00:00Z,TNK-200-101.LVL,TNK-200-101,H,P3,ACTIVE,78.6,OP_LEE
AME-000008,2026-07-27T06:04:00Z,TNK-200-101.LVL,TNK-200-101,H,P3,RTN,78.3,OP_LEE
AME-000009,2026-07-27T06:09:00Z,TNK-200-101.LVL,TNK-200-101,H,P3,ACTIVE,78.6,OP_LEE
AME-000010,2026-07-27T06:17:00Z,TNK-200-101.LVL,TNK-200-101,H,P3,RTN,78.3,OP_LEE
AME-000011,2026-07-27T06:25:00Z,TNK-200-101.LVL,TNK-200-101,H,P3,ACTIVE,78.6,OP_LEE
AME-000012,2026-07-27T06:32:00Z,TNK-200-101.LVL,TNK-200-101,H,P3,RTN,78.3,OP_LEE
AME-000013,2026-07-27T06:36:00Z,TNK-200-101.LVL,TNK-200-101,H,P3,ACTIVE,78.6,OP_LEE
AME-000014,2026-07-27T06:42:00Z,TNK-200-101.LVL,TNK-200-101,H,P3,RTN,78.3,OP_LEE
AME-000015,2026-07-27T06:49:00Z,TNK-200-101.LVL,TNK-200-101,H,P3,ACTIVE,78.6,OP_LEE
AME-000016,2026-07-27T06:53:00Z,TNK-200-101.LVL,TNK-200-101,H,P3,RTN,78.3,OP_LEE
AME-000017,2026-07-27T06:56:00Z,TNK-200-101.LVL,TNK-200-101,H,P3,ACTIVE,78.6,OP_LEE
AME-000018,2026-07-27T07:02:00Z,TNK-200-101.LVL,TNK-200-101,H,P3,RTN,78.3,OP_LEE
AME-000019,2026-07-27T07:06:00Z,TNK-200-101.LVL,TNK-200-101,H,P3,ACTIVE,78.6,OP_LEE
AME-000020,2026-07-27T07:09:00Z,TNK-200-101.LVL,TNK-200-101,H,P3,RTN,78.3,OP_LEE
AME-000021,2026-07-27T07:17:00Z,TNK-200-101.LVL,TNK-200-101,H,P3,ACTIVE,78.6,OP_LEE
AME-000022,2026-07-27T07:20:00Z,TNK-200-101.LVL,TNK-200-101,H,P3,RTN,78.3,OP_LEE
AME-000023,2026-07-27T07:29:00Z,TNK-200-101.LVL,TNK-200-101,H,P3,ACTIVE,78.6,OP_LEE
AME-000024,2026-07-27T07:35:00Z,TNK-200-101.LVL,TNK-200-101,H,P3,RTN,78.3,OP_LEE
AME-000025,2026-07-27T07:39:00Z,TNK-200-101.LVL,TNK-200-101,H,P3,ACTIVE,78.6,OP_LEE
AME-000026,2026-07-27T07:45:00Z,TNK-200-101.LVL,TNK-200-101,H,P3,RTN,78.3,OP_LEE
AME-000027,2026-07-27T07:50:00Z,TNK-200-101.LVL,TNK-200-101,H,P3,ACTIVE,78.6,OP_LEE
AME-000028,2026-07-27T07:59:00Z,TNK-200-101.LVL,TNK-200-101,H,P3,RTN,78.3,OP_LEE
AME-000029,2026-07-27T08:06:00Z,TNK-200-101.LVL,TNK-200-101,H,P3,ACTIVE,78.6,OP_LEE
AME-000030,2026-07-27T08:12:00Z,TNK-200-101.LVL,TNK-200-101,H,P3,RTN,78.3,OP_LEE
AME-000031,2026-07-27T08:18:00Z,TNK-200-101.LVL,TNK-200-101,H,P3,ACTIVE,78.6,OP_LEE
AME-000032,2026-07-27T08:25:00Z,TNK-200-101.LVL,TNK-200-101,H,P3,RTN,78.3,OP_LEE
AME-000033,2026-07-27T08:28:00Z,TNK-200-101.LVL,TNK-200-101,H,P3,ACTIVE,78.6,OP_LEE
AME-000034,2026-07-27T08:31:00Z,TNK-200-101.LVL,TNK-200-101,H,P3,RTN,78.3,OP_LEE
AME-000035,2026-07-27T08:36:00Z,TNK-200-101.LVL,TNK-200-101,H,P3,ACTIVE,78.6,OP_LEE
AME-000036,2026-07-27T08:39:00Z,TNK-200-101.LVL,TNK-200-101,H,P3,RTN,78.3,OP_LEE
AME-000037,2026-07-27T08:47:00Z,TNK-200-101.LVL,TNK-200-101,H,P3,ACTIVE,78.6,OP_LEE
AME-000038,2026-07-27T08:54:00Z,TNK-200-101.LVL,TNK-200-101,H,P3,RTN,78.3,OP_LEE
AME-000039,2026-07-27T09:03:00Z,TNK-200-101.LVL,TNK-200-101,H,P3,ACTIVE,78.6,OP_LEE
AME-000040,2026-07-27T09:12:00Z,TNK-200-101.LVL,TNK-200-101,H,P3,RTN,78.3,OP_LEE
AME-000041,2026-07-27T09:18:00Z,TNK-200-101.LVL,TNK-200-101,H,P3,ACTIVE,78.6,OP_LEE
AME-000042,2026-07-27T09:23:00Z,TNK-200-101.LVL,TNK-200-101,H,P3,RTN,78.3,OP_LEE
AME-000043,2026-07-27T09:30:00Z,TNK-200-101.LVL,TNK-200-101,H,P3,ACTIVE,78.6,OP_LEE
AME-000044,2026-07-27T09:37:00Z,TNK-200-101.LVL,TNK-200-101,H,P3,RTN,78.3,OP_LEE
AME-000045,2026-07-27T09:43:00Z,TNK-200-101.LVL,TNK-200-101,H,P3,ACTIVE,78.6,OP_LEE
AME-000046,2026-07-27T09:47:00Z,TNK-200-101.LVL,TNK-200-101,H,P3,RTN,78.3,OP_LEE
AME-000047,2026-07-27T09:50:00Z,TNK-200-101.LVL,TNK-200-101,H,P3,ACTIVE,78.6,OP_LEE
AME-000048,2026-07-27T09:56:00Z,TNK-200-101.LVL,TNK-200-101,H,P3,RTN,78.3,OP_LEE
AME-000049,2026-07-27T10:01:00Z,TNK-200-101.LVL,TNK-200-101,H,P3,ACTIVE,78.6,OP_LEE
AME-000050,2026-07-27T10:05:00Z,TNK-200-101.LVL,TNK-200-101,H,P3,RTN,78.3,OP_LEE
AME-000051,2026-07-27T10:08:00Z,TNK-200-101.LVL,TNK-200-101,H,P3,ACTIVE,78.6,OP_LEE
AME-000052,2026-07-27T10:11:00Z,TNK-200-101.LVL,TNK-200-101,H,P3,RTN,78.3,OP_LEE
AME-000053,2026-07-27T10:14:00Z,TNK-200-101.LVL,TNK-200-101,H,P3,ACTIVE,78.6,OP_LEE
AME-000054,2026-07-27T10:18:00Z,TNK-200-101.LVL,TNK-200-101,H,P3,RTN,78.3,OP_LEE
AME-000055,2026-07-27T10:21:00Z,TNK-200-101.LVL,TNK-200-101,H,P3,ACTIVE,78.6,OP_LEE
AME-000056,2026-07-27T10:30:00Z,TNK-200-101.LVL,TNK-200-101,H,P3,RTN,78.3,OP_LEE
AME-000057,2026-07-27T10:37:00Z,TNK-200-101.LVL,TNK-200-101,H,P3,ACTIVE,78.6,OP_LEE
AME-000058,2026-07-27T10:44:00Z,TNK-200-101.LVL,TNK-200-101,H,P3,RTN,78.3,OP_LEE
AME-000059,2026-07-27T10:48:00Z,TNK-200-101.LVL,TNK-200-101,H,P3,ACTIVE,78.6,OP_LEE
AME-000060,2026-07-27T10:56:00Z,TNK-200-101.LVL,TNK-200-101,H,P3,RTN,78.3,OP_LEE
AME-000061,2026-07-27T11:05:00Z,TNK-200-101.LVL,TNK-200-101,H,P3,ACTIVE,78.6,OP_LEE
AME-000062,2026-07-27T11:11:00Z,TNK-200-101.LVL,TNK-200-101,H,P3,RTN,78.3,OP_LEE
AME-000063,2026-07-27T11:16:00Z,TNK-200-101.LVL,TNK-200-101,H,P3,ACTIVE,78.6,OP_LEE
AME-000064,2026-07-27T11:20:00Z,TNK-200-101.LVL,TNK-200-101,H,P3,RTN,78.3,OP_LEE
AME-000065,2026-07-27T11:28:00Z,TNK-200-101.LVL,TNK-200-101,H,P3,ACTIVE,78.6,OP_LEE
AME-000066,2026-07-27T11:33:00Z,TNK-200-101.LVL,TNK-200-101,H,P3,RTN,78.3,OP_LEE
AME-000067,2026-07-27T11:37:00Z,TNK-200-101.LVL,TNK-200-101,H,P3,ACTIVE,78.6,OP_LEE
AME-000068,2026-07-27T11:46:00Z,TNK-200-101.LVL,TNK-200-101,H,P3,RTN,78.3,OP_LEE
AME-000069,2026-07-27T11:51:00Z,TNK-200-101.LVL,TNK-200-101,H,P3,ACTIVE,78.6,OP_LEE
AME-000070,2026-07-27T11:56:00Z,TNK-200-101.LVL,TNK-200-101,H,P3,RTN,78.3,OP_LEE
AME-000071,2026-07-27T12:04:00Z,TNK-200-101.LVL,TNK-200-101,H,P3,ACTIVE,78.6,OP_LEE
AME-000072,2026-07-27T12:12:00Z,TNK-200-101.LVL,TNK-200-101,H,P3,RTN,78.3,OP_LEE
AME-000073,2026-07-27T12:18:00Z,TNK-200-101.LVL,TNK-200-101,H,P3,ACTIVE,78.6,OP_LEE
AME-000074,2026-07-27T12:27:00Z,TNK-200-101.LVL,TNK-200-101,H,P3,RTN,78.3,OP_LEE
AME-000075,2026-07-27T12:31:00Z,TNK-200-101.LVL,TNK-200-101,H,P3,ACTIVE,78.6,OP_LEE
AME-000076,2026-07-27T12:36:00Z,TNK-200-101.LVL,TNK-200-101,H,P3,RTN,78.3,OP_LEE
AME-000077,2026-07-27T12:42:00Z,TNK-200-101.LVL,TNK-200-101,H,P3,ACTIVE,78.6,OP_LEE
AME-000078,2026-07-27T12:50:00Z,TNK-200-101.LVL,TNK-200-101,H,P3,RTN,78.3,OP_LEE
AME-000079,2026-07-27T12:53:00Z,TNK-200-101.LVL,TNK-200-101,H,P3,ACTIVE,78.6,OP_LEE
AME-000080,2026-07-27T13:01:00Z,TNK-200-101.LVL,TNK-200-101,H,P3,RTN,78.3,OP_LEE
AME-000081,2026-07-27T13:04:00Z,TNK-200-101.LVL,TNK-200-101,H,P3,ACTIVE,78.6,OP_LEE
AME-000082,2026-07-27T13:11:00Z,TNK-200-101.LVL,TNK-200-101,H,P3,RTN,78.3,OP_LEE
AME-000083,2026-07-27T13:15:00Z,TNK-200-101.LVL,TNK-200-101,H,P3,ACTIVE,78.6,OP_LEE
AME-000084,2026-07-27T13:19:00Z,TNK-200-101.LVL,TNK-200-101,H,P3,RTN,78.3,OP_LEE
AME-000085,2026-07-27T13:26:00Z,TNK-200-101.LVL,TNK-200-101,H,P3,ACTIVE,78.6,OP_LEE
AME-000086,2026-07-27T13:35:00Z,TNK-200-101.LVL,TNK-200-101,H,P3,RTN,78.3,OP_LEE
AME-000087,2026-07-27T13:42:00Z,TNK-200-101.LVL,TNK-200-101,H,P3,ACTIVE,78.6,OP_LEE
AME-000088,2026-07-27T13:46:00Z,TNK-200-101.LVL,TNK-200-101,H,P3,RTN,78.3,OP_LEE
AME-000089,2026-07-27T13:50:00Z,TNK-200-101.LVL,TNK-200-101,H,P3,ACTIVE,78.6,OP_LEE
AME-000090,2026-07-27T13:55:00Z,TNK-200-101.LVL,TNK-200-101,H,P3,RTN,78.3,OP_LEE
AME-000091,2026-07-27T14:03:00Z,TNK-200-101.LVL,TNK-200-101,H,P3,ACTIVE,78.6,OP_LEE
AME-000092,2026-07-27T14:09:00Z,TNK-200-101.LVL,TNK-200-101,H,P3,RTN,78.3,OP_LEE
AME-000093,2026-07-27T14:18:00Z,TNK-200-101.LVL,TNK-200-101,H,P3,ACTIVE,78.6,OP_LEE
AME-000094,2026-07-27T14:27:00Z,TNK-200-101.LVL,TNK-200-101,H,P3,RTN,78.3,OP_LEE
AME-000095,2026-07-27T14:31:00Z,TNK-200-101.LVL,TNK-200-101,H,P3,ACTIVE,78.6,OP_LEE
AME-000096,2026-07-27T14:39:00Z,TNK-200-101.LVL,TNK-200-101,H,P3,RTN,78.3,OP_LEE
AME-000097,2026-07-27T14:46:00Z,TNK-200-101.LVL,TNK-200-101,H,P3,ACTIVE,78.6,OP_LEE
AME-000098,2026-07-27T14:49:00Z,TNK-200-101.LVL,TNK-200-101,H,P3,RTN,78.3,OP_LEE
AME-000099,2026-07-27T14:56:00Z,TNK-200-101.LVL,TNK-200-101,H,P3,ACTIVE,78.6,OP_LEE
AME-000100,2026-07-27T15:01:00Z,TNK-200-101.LVL,TNK-200-101,H,P3,RTN,78.3,OP_LEE
AME-000101,2026-07-27T15:08:00Z,TNK-200-101.LVL,TNK-200-101,H,P3,ACTIVE,78.6,OP_LEE
AME-000102,2026-07-27T15:14:00Z,TNK-200-101.LVL,TNK-200-101,H,P3,RTN,78.3,OP_LEE
AME-000103,2026-07-27T15:21:00Z,TNK-200-101.LVL,TNK-200-101,H,P3,ACTIVE,78.6,OP_LEE
AME-000104,2026-07-27T15:28:00Z,TNK-200-101.LVL,TNK-200-101,H,P3,RTN,78.3,OP_LEE
AME-000105,2026-07-27T15:33:00Z,TNK-200-101.LVL,TNK-200-101,H,P3,ACTIVE,78.6,OP_LEE
AME-000106,2026-07-27T15:41:00Z,TNK-200-101.LVL,TNK-200-101,H,P3,RTN,78.3,OP_LEE
AME-000107,2026-07-27T15:46:00Z,TNK-200-101.LVL,TNK-200-101,H,P3,ACTIVE,78.6,OP_LEE
AME-000108,2026-07-27T15:55:00Z,TNK-200-101.LVL,TNK-200-101,H,P3,RTN,78.3,OP_LEE
AME-000109,2026-07-27T16:00:00Z,TNK-200-101.LVL,TNK-200-101,H,P3,ACTIVE,78.6,OP_LEE
AME-000110,2026-07-27T16:07:00Z,TNK-200-101.LVL,TNK-200-101,H,P3,RTN,78.3,OP_LEE
AME-000111,2026-07-27T16:12:00Z,TNK-200-101.LVL,TNK-200-101,H,P3,ACTIVE,78.6,OP_LEE
AME-000112,2026-07-27T16:17:00Z,TNK-200-101.LVL,TNK-200-101,H,P3,RTN,78.3,OP_LEE
AME-000113,2026-07-27T16:25:00Z,TNK-200-101.LVL,TNK-200-101,H,P3,ACTIVE,78.6,OP_LEE
AME-000114,2026-07-27T16:32:00Z,TNK-200-101.LVL,TNK-200-101,H,P3,RTN,78.3,OP_LEE
AME-000115,2026-07-27T16:36:00Z,TNK-200-101.LVL,TNK-200-101,H,P3,ACTIVE,78.6,OP_LEE
AME-000116,2026-07-27T16:44:00Z,TNK-200-101.LVL,TNK-200-101,H,P3,RTN,78.3,OP_LEE
AME-000117,2026-07-27T16:50:00Z,TNK-200-101.LVL,TNK-200-101,H,P3,ACTIVE,78.6,OP_LEE
AME-000118,2026-07-27T16:55:00Z,TNK-200-101.LVL,TNK-200-101,H,P3,RTN,78.3,OP_LEE
AME-000119,2026-07-27T16:58:00Z,TNK-200-101.LVL,TNK-200-101,H,P3,ACTIVE,78.6,OP_LEE
AME-000120,2026-07-27T17:02:00Z,TNK-200-101.LVL,TNK-200-101,H,P3,RTN,78.3,OP_LEE
AME-000121,2026-07-27T17:10:00Z,TNK-200-101.LVL,TNK-200-101,H,P3,ACTIVE,78.6,OP_LEE
AME-000122,2026-07-27T17:17:00Z,TNK-200-101.LVL,TNK-200-101,H,P3,RTN,78.3,OP_LEE
AME-000123,2026-07-27T17:21:00Z,TNK-200-101.LVL,TNK-200-101,H,P3,ACTIVE,78.6,OP_LEE
AME-000124,2026-07-27T17:25:00Z,TNK-200-101.LVL,TNK-200-101,H,P3,RTN,78.3,OP_LEE
AME-000125,2026-07-27T17:33:00Z,TNK-200-101.LVL,TNK-200-101,H,P3,ACTIVE,78.6,OP_LEE
AME-000126,2026-07-27T17:39:00Z,TNK-200-101.LVL,TNK-200-101,H,P3,RTN,78.3,OP_LEE
AME-000001,2026-07-28T02:00:00Z,PMP-100-101.VIB,PMP-100-101,H,P1,ACTIVE,8.7,OP_MARIA
AME-000002,2026-07-28T02:40:00Z,PMP-100-101.VIB,PMP-100-101,HH,P1,ACTIVE,11.4,OP_MARIA
AME-000003,2026-07-28T02:44:00Z,PMP-100-101.VIB,PMP-100-101,HH,P1,ACK,11.6,OP_MARIA
